{
  "project_info": {
    "project_number": "146312580544",
    "firebase_url": "https://staradvisor-75215.firebaseio.com",
    "project_id": "staradvisor-75215",
    "storage_bucket": "staradvisor-75215.appspot.com"
  },
  "client": [
    {
      "client_info": {
        "mobilesdk_app_id": "1:146312580544:android:10ec740cfd6234d7e94c25",
        "android_client_info": {
          "package_name": "com.example.googlemapsdemo"
        }
      },
      "oauth_client": [
        {
          "client_id": "146312580544-915hc0et013cifb30fvi428mg2c2vu7i.apps.googleusercontent.com",
          "client_type": 3
        }
      ],
      "api_key": [
        {
          "current_key": "AIzaSyCbq4AAT7T3QLxdD4crzYAMD9vd6HYBXxM"
        }
      ],
      "services": {
        "appinvite_service": {
          "other_platform_oauth_client": [
            {
              "client_id": "146312580544-915hc0et013cifb30fvi428mg2c2vu7i.apps.googleusercontent.com",
              "client_type": 3
            }
          ]
        }
      }
    },
    {
      "client_info": {
        "mobilesdk_app_id": "1:146312580544:android:347c52b9d16eaa8ee94c25",
        "android_client_info": {
          "package_name": "com.example.hacktothemoon"
        }
      },
      "oauth_client": [
        {
          "client_id": "146312580544-915hc0et013cifb30fvi428mg2c2vu7i.apps.googleusercontent.com",
          "client_type": 3
        }
      ],
      "api_key": [
        {
          "current_key": "AIzaSyCbq4AAT7T3QLxdD4crzYAMD9vd6HYBXxM"
        }
      ],
      "services": {
        "appinvite_service": {
          "other_platform_oauth_client": [
            {
              "client_id": "146312580544-915hc0et013cifb30fvi428mg2c2vu7i.apps.googleusercontent.com",
              "client_type": 3
            }
          ]
        }
      }
    }
  ],
  "configuration_version": "1"
}